{"stats":{"minecraft:picked_up":{"minecraft:dirt":5},"minecraft:used":{"minecraft:dirt":5},"minecraft:killed_by":{"minecraft:zombie":1},"minecraft:custom":{"minecraft:jump":89,"minecraft:time_since_rest":9046,"minecraft:deaths":1,"minecraft:crouch_one_cm":170,"minecraft:sprint_one_cm":10359,"minecraft:play_time":19322,"minecraft:damage_taken":260,"minecraft:time_since_death":0,"minecraft:walk_one_cm":1996,"minecraft:sneak_time":34,"minecraft:total_world_time":19322,"minecraft:fall_one_cm":5121,"minecraft:fly_one_cm":13187},"minecraft:mined":{"minecraft:grass_block":4,"minecraft:dirt":1}},"DataVersion":3465}