{"stats":{"minecraft:custom":{"minecraft:jump":615,"minecraft:time_since_rest":126774,"minecraft:damage_dealt":468,"minecraft:leave_game":12,"minecraft:time_since_death":126774,"minecraft:crouch_one_cm":61,"minecraft:play_time":126774,"minecraft:sprint_one_cm":51582,"minecraft:walk_one_cm":11768,"minecraft:walk_on_water_one_cm":186,"minecraft:sneak_time":98,"minecraft:total_world_time":126774,"minecraft:mob_kills":3,"minecraft:fall_one_cm":209,"minecraft:fly_one_cm":194467},"minecraft:killed":{"minecraft:spider":1,"minecraft:cow":2},"minecraft:picked_up":{"minecraft:beef":6,"minecraft:bone":1,"minecraft:arrow":2,"minecraft:leather":2,"minecraft:string":2}},"DataVersion":3465}