{"stats":{"minecraft:custom":{"minecraft:jump":713,"minecraft:time_since_rest":185750,"minecraft:damage_dealt":468,"minecraft:leave_game":13,"minecraft:time_since_death":185750,"minecraft:crouch_one_cm":105,"minecraft:play_time":185750,"minecraft:sprint_one_cm":58714,"minecraft:walk_one_cm":14129,"minecraft:walk_on_water_one_cm":186,"minecraft:sneak_time":127,"minecraft:total_world_time":185750,"minecraft:mob_kills":3,"minecraft:fall_one_cm":209,"minecraft:fly_one_cm":213224},"minecraft:killed":{"minecraft:spider":1,"minecraft:cow":2},"minecraft:picked_up":{"minecraft:beef":6,"minecraft:bone":1,"minecraft:arrow":2,"minecraft:leather":2,"minecraft:string":2}},"DataVersion":3465}