{"stats":{"minecraft:picked_up":{"minecraft:arrow":3,"minecraft:bone":2,"minecraft:rotten_flesh":4,"minecraft:leather":2,"minecraft:beef":6,"minecraft:grass_block":1,"minecraft:string":2},"minecraft:custom":{"minecraft:time_since_rest":407394,"minecraft:crouch_one_cm":729,"minecraft:sprint_one_cm":139206,"minecraft:play_time":407394,"minecraft:walk_one_cm":25612,"minecraft:sneak_time":385,"minecraft:mob_kills":3,"minecraft:drop":1,"minecraft:jump":1706,"minecraft:damage_dealt":597,"minecraft:leave_game":19,"minecraft:walk_on_water_one_cm":186,"minecraft:time_since_death":407394,"minecraft:total_world_time":407394,"minecraft:fall_one_cm":209,"minecraft:fly_one_cm":435720},"minecraft:dropped":{"minecraft:grass_block":1},"minecraft:used":{"minecraft:grass_block":100},"minecraft:killed":{"minecraft:spider":1,"minecraft:cow":2}},"DataVersion":3465}