{"stats":{"minecraft:picked_up":{"minecraft:arrow":3,"minecraft:bone":2,"minecraft:rotten_flesh":2,"minecraft:leather":2,"minecraft:beef":6,"minecraft:grass_block":1,"minecraft:string":2},"minecraft:custom":{"minecraft:time_since_rest":225730,"minecraft:crouch_one_cm":607,"minecraft:sprint_one_cm":107866,"minecraft:play_time":225730,"minecraft:walk_one_cm":21129,"minecraft:sneak_time":333,"minecraft:mob_kills":3,"minecraft:drop":1,"minecraft:jump":1335,"minecraft:damage_dealt":597,"minecraft:leave_game":17,"minecraft:walk_on_water_one_cm":186,"minecraft:time_since_death":225730,"minecraft:total_world_time":225730,"minecraft:fall_one_cm":209,"minecraft:fly_one_cm":366008},"minecraft:dropped":{"minecraft:grass_block":1},"minecraft:used":{"minecraft:grass_block":100},"minecraft:killed":{"minecraft:spider":1,"minecraft:cow":2}},"DataVersion":3465}