{"stats":{"minecraft:custom":{"minecraft:jump":396,"minecraft:time_since_rest":109420,"minecraft:damage_dealt":340,"minecraft:leave_game":5,"minecraft:time_since_death":109420,"minecraft:crouch_one_cm":61,"minecraft:play_time":109420,"minecraft:sprint_one_cm":34606,"minecraft:walk_one_cm":7644,"minecraft:walk_on_water_one_cm":186,"minecraft:sneak_time":62,"minecraft:total_world_time":109420,"minecraft:mob_kills":2,"minecraft:fall_one_cm":209,"minecraft:fly_one_cm":136943},"minecraft:killed":{"minecraft:spider":1,"minecraft:cow":1},"minecraft:picked_up":{"minecraft:beef":3,"minecraft:bone":1,"minecraft:arrow":2,"minecraft:leather":2,"minecraft:string":2}},"DataVersion":3465}