{"stats":{"minecraft:dropped":{"minecraft:grass_block":1},"minecraft:custom":{"minecraft:time_since_rest":466496,"minecraft:crouch_one_cm":729,"minecraft:sprint_one_cm":166451,"minecraft:play_time":466496,"minecraft:walk_one_cm":31222,"minecraft:sneak_time":394,"minecraft:mob_kills":3,"minecraft:drop":1,"minecraft:jump":2020,"minecraft:damage_dealt":632,"minecraft:leave_game":20,"minecraft:walk_on_water_one_cm":186,"minecraft:time_since_death":466496,"minecraft:total_world_time":466496,"minecraft:fall_one_cm":209,"minecraft:fly_one_cm":508580},"minecraft:killed":{"minecraft:spider":1,"minecraft:cow":2},"minecraft:used":{"minecraft:grass_block":228},"minecraft:picked_up":{"minecraft:arrow":3,"minecraft:bone":2,"minecraft:rotten_flesh":4,"minecraft:leather":2,"minecraft:beef":6,"minecraft:grass_block":1,"minecraft:string":2}},"DataVersion":3465}