{"stats":{"minecraft:picked_up":{"minecraft:beef":6,"minecraft:bone":2,"minecraft:arrow":3,"minecraft:rotten_flesh":2,"minecraft:leather":2,"minecraft:string":2},"minecraft:custom":{"minecraft:jump":1045,"minecraft:time_since_rest":213730,"minecraft:damage_dealt":587,"minecraft:leave_game":17,"minecraft:play_time":213730,"minecraft:crouch_one_cm":517,"minecraft:time_since_death":213730,"minecraft:sprint_one_cm":85046,"minecraft:walk_one_cm":17943,"minecraft:walk_on_water_one_cm":186,"minecraft:sneak_time":305,"minecraft:total_world_time":213730,"minecraft:mob_kills":3,"minecraft:fall_one_cm":209,"minecraft:fly_one_cm":287439},"minecraft:used":{"minecraft:grass_block":7},"minecraft:killed":{"minecraft:spider":1,"minecraft:cow":2}},"DataVersion":3465}