{"stats":{"minecraft:picked_up":{"minecraft:dirt":5},"minecraft:used":{"minecraft:dirt":5},"minecraft:custom":{"minecraft:jump":86,"minecraft:time_since_rest":7322,"minecraft:crouch_one_cm":170,"minecraft:sprint_one_cm":10359,"minecraft:play_time":7322,"minecraft:damage_taken":80,"minecraft:time_since_death":7322,"minecraft:walk_one_cm":1741,"minecraft:sneak_time":34,"minecraft:total_world_time":7322,"minecraft:fall_one_cm":5121,"minecraft:fly_one_cm":13001},"minecraft:mined":{"minecraft:grass_block":4,"minecraft:dirt":1}},"DataVersion":3465}