{"stats":{"minecraft:custom":{"minecraft:jump":618,"minecraft:time_since_rest":138774,"minecraft:damage_dealt":468,"minecraft:leave_game":12,"minecraft:time_since_death":138774,"minecraft:crouch_one_cm":105,"minecraft:play_time":138774,"minecraft:sprint_one_cm":51713,"minecraft:walk_one_cm":11904,"minecraft:walk_on_water_one_cm":186,"minecraft:sneak_time":127,"minecraft:total_world_time":138774,"minecraft:mob_kills":3,"minecraft:fall_one_cm":209,"minecraft:fly_one_cm":196317},"minecraft:killed":{"minecraft:spider":1,"minecraft:cow":2},"minecraft:picked_up":{"minecraft:beef":6,"minecraft:bone":1,"minecraft:arrow":2,"minecraft:leather":2,"minecraft:string":2}},"DataVersion":3465}