{"stats":{"minecraft:picked_up":{"minecraft:beef":6,"minecraft:bone":1,"minecraft:arrow":2,"minecraft:rotten_flesh":2,"minecraft:leather":2,"minecraft:string":2},"minecraft:custom":{"minecraft:jump":943,"minecraft:time_since_rest":201818,"minecraft:damage_dealt":526,"minecraft:leave_game":15,"minecraft:play_time":201818,"minecraft:crouch_one_cm":385,"minecraft:time_since_death":201818,"minecraft:sprint_one_cm":78663,"minecraft:walk_one_cm":16445,"minecraft:walk_on_water_one_cm":186,"minecraft:sneak_time":249,"minecraft:total_world_time":201818,"minecraft:mob_kills":3,"minecraft:fall_one_cm":209,"minecraft:fly_one_cm":272352},"minecraft:used":{"minecraft:grass_block":7},"minecraft:killed":{"minecraft:spider":1,"minecraft:cow":2}},"DataVersion":3465}