{"stats":{"minecraft:custom":{"minecraft:jump":478,"minecraft:time_since_rest":120126,"minecraft:damage_dealt":350,"minecraft:leave_game":11,"minecraft:time_since_death":120126,"minecraft:crouch_one_cm":61,"minecraft:play_time":120126,"minecraft:sprint_one_cm":41660,"minecraft:walk_one_cm":8865,"minecraft:walk_on_water_one_cm":186,"minecraft:sneak_time":92,"minecraft:total_world_time":120126,"minecraft:mob_kills":2,"minecraft:fall_one_cm":209,"minecraft:fly_one_cm":158237},"minecraft:killed":{"minecraft:spider":1,"minecraft:cow":1},"minecraft:picked_up":{"minecraft:beef":3,"minecraft:bone":1,"minecraft:arrow":2,"minecraft:leather":2,"minecraft:string":2}},"DataVersion":3465}